,year,split,entry_split,exit_split
0,1988.0,0,0.0,325.0
1,1988.0,128,128.0,644.0
2,1988.0,230,230.0,921.0
3,1988.0,321,321.0,1016.0
4,1988.0,325,413.0,1224.0
5,1988.0,413,498.0,1376.0
6,1988.0,498,585.0,1465.0
7,1988.0,585,680.0,1546.0
8,1988.0,644,768.0,1621.0
9,1988.0,680,897.0,1634.0
10,1988.0,768,983.0,1703.0
11,1988.0,897,1120.0,1716.0
12,1988.0,921,1187.0,1751.0
13,1988.0,983,1271.0,1767.0
14,1988.0,1016,1362.0,1789.0
15,1988.0,1120,1451.0,1801.0
16,1988.0,1187,1536.0,1873.0
17,1988.0,1224,1595.0,1943.0
18,1988.0,1271,1661.0,2004.0
19,1988.0,1362,,
20,1988.0,1376,,
21,1988.0,1451,,
22,1988.0,1465,,
23,1988.0,1536,,
24,1988.0,1546,,
25,1988.0,1595,,
26,1988.0,1621,,
27,1988.0,1634,,
28,1988.0,1661,,
29,1988.0,1703,,
30,1988.0,1716,,
31,1988.0,1751,,
32,1988.0,1767,,
33,1988.0,1789,,
34,1988.0,1801,,
35,1988.0,1873,,
36,1988.0,1943,,
37,1988.0,2004,,
0,1989.0,0,0.0,296.0
1,1989.0,166,166.0,542.0
2,1989.0,279,279.0,749.0
3,1989.0,296,383.0,876.0
4,1989.0,383,509.0,1001.0
5,1989.0,509,620.0,1363.0
6,1989.0,542,742.0,1499.0
7,1989.0,620,861.0,1702.0
8,1989.0,742,987.0,1732.0
9,1989.0,749,1112.0,1933.0
10,1989.0,861,1221.0,1956.0
11,1989.0,876,1343.0,1978.0
12,1989.0,987,1461.0,2082.0
13,1989.0,1001,1581.0,2251.0
14,1989.0,1112,1705.0,2264.0
15,1989.0,1221,1824.0,2305.0
16,1989.0,1343,1944.0,2322.0
17,1989.0,1363,2066.0,2327.0
18,1989.0,1461,2184.0,2636.0
19,1989.0,1499,2320.0,2698.0
20,1989.0,1581,2440.0,3463.0
21,1989.0,1702,2553.0,3580.0
22,1989.0,1705,2685.0,3652.0
23,1989.0,1732,2787.0,3694.0
24,1989.0,1824,2917.0,3783.0
25,1989.0,1933,3051.0,3906.0
26,1989.0,1944,3148.0,
27,1989.0,1956,3268.0,
28,1989.0,1978,3404.0,
29,1989.0,2066,,
30,1989.0,2082,,
31,1989.0,2184,,
32,1989.0,2251,,
33,1989.0,2264,,
34,1989.0,2305,,
35,1989.0,2320,,
36,1989.0,2322,,
37,1989.0,2327,,
38,1989.0,2440,,
39,1989.0,2553,,
40,1989.0,2636,,
41,1989.0,2685,,
42,1989.0,2698,,
43,1989.0,2787,,
44,1989.0,2917,,
45,1989.0,3051,,
46,1989.0,3148,,
47,1989.0,3268,,
48,1989.0,3404,,
49,1989.0,3463,,
50,1989.0,3580,,
51,1989.0,3652,,
52,1989.0,3694,,
53,1989.0,3783,,
54,1989.0,3906,,
0,1990.0,0,0.0,98.0
1,1990.0,98,131.0,227.0
2,1990.0,131,279.0,886.0
3,1990.0,227,375.0,986.0
4,1990.0,279,484.0,1110.0
5,1990.0,375,614.0,1218.0
6,1990.0,484,721.0,1225.0
7,1990.0,614,855.0,1319.0
8,1990.0,721,961.0,1699.0
9,1990.0,855,1099.0,1714.0
10,1990.0,886,1201.0,1833.0
11,1990.0,961,1317.0,2060.0
12,1990.0,986,1436.0,2087.0
13,1990.0,1099,1553.0,2193.0
14,1990.0,1110,1682.0,2292.0
15,1990.0,1201,1805.0,2453.0
16,1990.0,1218,1919.0,2676.0
17,1990.0,1225,2043.0,2693.0
18,1990.0,1317,2154.0,2768.0
19,1990.0,1319,2272.0,2790.0
20,1990.0,1436,2400.0,2822.0
21,1990.0,1553,2513.0,2884.0
22,1990.0,1682,2642.0,2892.0
23,1990.0,1699,2755.0,2895.0
24,1990.0,1714,2880.0,3143.0
25,1990.0,1805,2988.0,3346.0
26,1990.0,1833,3037.0,3368.0
27,1990.0,1919,3187.0,3424.0
28,1990.0,2043,3313.0,3524.0
29,1990.0,2060,,
30,1990.0,2087,,
31,1990.0,2154,,
32,1990.0,2193,,
33,1990.0,2272,,
34,1990.0,2292,,
35,1990.0,2400,,
36,1990.0,2453,,
37,1990.0,2513,,
38,1990.0,2642,,
39,1990.0,2676,,
40,1990.0,2693,,
41,1990.0,2755,,
42,1990.0,2768,,
43,1990.0,2790,,
44,1990.0,2822,,
45,1990.0,2880,,
46,1990.0,2884,,
47,1990.0,2892,,
48,1990.0,2895,,
49,1990.0,2988,,
50,1990.0,3037,,
51,1990.0,3143,,
52,1990.0,3187,,
53,1990.0,3313,,
54,1990.0,3346,,
55,1990.0,3368,,
56,1990.0,3424,,
57,1990.0,3524,,
0,1991.0,0,0.0,188.0
1,1991.0,129,129.0,759.0
2,1991.0,188,248.0,1094.0
3,1991.0,248,367.0,1238.0
4,1991.0,367,487.0,1349.0
5,1991.0,487,611.0,1633.0
6,1991.0,611,741.0,1828.0
7,1991.0,741,851.0,1831.0
8,1991.0,759,972.0,1933.0
9,1991.0,851,1093.0,2087.0
10,1991.0,972,1227.0,2091.0
11,1991.0,1093,1344.0,2453.0
12,1991.0,1094,1452.0,2584.0
13,1991.0,1227,1574.0,2681.0
14,1991.0,1238,1692.0,2782.0
15,1991.0,1344,1814.0,2923.0
16,1991.0,1349,1933.0,3040.0
17,1991.0,1452,2053.0,3237.0
18,1991.0,1574,2176.0,3293.0
19,1991.0,1633,2300.0,3356.0
20,1991.0,1692,2431.0,3402.0
21,1991.0,1814,2566.0,3533.0
22,1991.0,1828,2658.0,3542.0
23,1991.0,1831,2781.0,3570.0
24,1991.0,1933,2898.0,3585.0
25,1991.0,1933,3037.0,3637.0
26,1991.0,2053,3141.0,3661.0
27,1991.0,2087,3260.0,3749.0
28,1991.0,2091,3381.0,3917.0
29,1991.0,2176,,
30,1991.0,2300,,
31,1991.0,2431,,
32,1991.0,2453,,
33,1991.0,2566,,
34,1991.0,2584,,
35,1991.0,2658,,
36,1991.0,2681,,
37,1991.0,2781,,
38,1991.0,2782,,
39,1991.0,2898,,
40,1991.0,2923,,
41,1991.0,3037,,
42,1991.0,3040,,
43,1991.0,3141,,
44,1991.0,3237,,
45,1991.0,3260,,
46,1991.0,3293,,
47,1991.0,3356,,
48,1991.0,3381,,
49,1991.0,3402,,
50,1991.0,3533,,
51,1991.0,3542,,
52,1991.0,3570,,
53,1991.0,3585,,
54,1991.0,3637,,
55,1991.0,3661,,
56,1991.0,3749,,
57,1991.0,3917,,
0,1992.0,0,0.0,78.0
1,1992.0,78,151.0,327.0
2,1992.0,151,258.0,478.0
3,1992.0,258,368.0,1286.0
4,1992.0,327,500.0,1349.0
5,1992.0,368,612.0,1378.0
6,1992.0,478,738.0,1416.0
7,1992.0,500,867.0,1427.0
8,1992.0,612,993.0,1447.0
9,1992.0,738,1096.0,1514.0
10,1992.0,867,1223.0,1517.0
11,1992.0,993,1335.0,1553.0
12,1992.0,1096,1461.0,2232.0
13,1992.0,1223,1591.0,2370.0
14,1992.0,1286,1714.0,2928.0
15,1992.0,1335,1841.0,3058.0
16,1992.0,1349,1967.0,3066.0
17,1992.0,1378,2085.0,3088.0
18,1992.0,1416,2227.0,3257.0
19,1992.0,1427,2315.0,3535.0
20,1992.0,1447,2526.0,3590.0
21,1992.0,1461,2638.0,3613.0
22,1992.0,1514,2773.0,3638.0
23,1992.0,1517,2879.0,3661.0
24,1992.0,1553,3002.0,3691.0
25,1992.0,1591,3124.0,3721.0
26,1992.0,1714,3256.0,
27,1992.0,1841,3367.0,
28,1992.0,1967,3511.0,
29,1992.0,2085,,
30,1992.0,2227,,
31,1992.0,2232,,
32,1992.0,2315,,
33,1992.0,2370,,
34,1992.0,2526,,
35,1992.0,2638,,
36,1992.0,2773,,
37,1992.0,2879,,
38,1992.0,2928,,
39,1992.0,3002,,
40,1992.0,3058,,
41,1992.0,3066,,
42,1992.0,3088,,
43,1992.0,3124,,
44,1992.0,3256,,
45,1992.0,3257,,
46,1992.0,3367,,
47,1992.0,3511,,
48,1992.0,3535,,
49,1992.0,3590,,
50,1992.0,3613,,
51,1992.0,3638,,
52,1992.0,3661,,
53,1992.0,3691,,
54,1992.0,3721,,
0,1993.0,0,0.0,157.0
1,1993.0,129,129.0,542.0
2,1993.0,157,252.0,844.0
3,1993.0,252,363.0,1121.0
4,1993.0,363,486.0,1281.0
5,1993.0,486,620.0,1496.0
6,1993.0,542,726.0,1516.0
7,1993.0,620,854.0,1530.0
8,1993.0,726,975.0,1629.0
9,1993.0,844,1097.0,1651.0
10,1993.0,854,1217.0,1729.0
11,1993.0,975,1339.0,1748.0
12,1993.0,1097,1463.0,1783.0
13,1993.0,1121,1598.0,1852.0
14,1993.0,1217,1704.0,2633.0
15,1993.0,1281,1836.0,2761.0
16,1993.0,1339,1971.0,2841.0
17,1993.0,1463,2073.0,2976.0
18,1993.0,1496,2196.0,3086.0
19,1993.0,1516,2320.0,3148.0
20,1993.0,1530,2450.0,3236.0
21,1993.0,1598,2575.0,3489.0
22,1993.0,1629,2703.0,3507.0
23,1993.0,1651,2826.0,3536.0
24,1993.0,1704,2950.0,3542.0
25,1993.0,1729,3106.0,3632.0
26,1993.0,1748,3198.0,3675.0
27,1993.0,1783,3331.0,3999.0
28,1993.0,1836,3457.0,
29,1993.0,1852,,
30,1993.0,1971,,
31,1993.0,2073,,
32,1993.0,2196,,
33,1993.0,2320,,
34,1993.0,2450,,
35,1993.0,2575,,
36,1993.0,2633,,
37,1993.0,2703,,
38,1993.0,2761,,
39,1993.0,2826,,
40,1993.0,2841,,
41,1993.0,2950,,
42,1993.0,2976,,
43,1993.0,3086,,
44,1993.0,3106,,
45,1993.0,3148,,
46,1993.0,3198,,
47,1993.0,3236,,
48,1993.0,3331,,
49,1993.0,3457,,
50,1993.0,3489,,
51,1993.0,3507,,
52,1993.0,3536,,
53,1993.0,3542,,
54,1993.0,3632,,
55,1993.0,3675,,
56,1993.0,3999,,
0,1994.0,0,0.0,196.0
1,1994.0,113,113.0,350.0
2,1994.0,196,207.0,537.0
3,1994.0,207,300.0,543.0
4,1994.0,300,387.0,550.0
5,1994.0,350,497.0,564.0
6,1994.0,387,579.0,620.0
7,1994.0,497,673.0,687.0
8,1994.0,537,763.0,795.0
9,1994.0,543,872.0,1034.0
10,1994.0,550,955.0,1150.0
11,1994.0,564,1054.0,1272.0
12,1994.0,579,1161.0,1560.0
13,1994.0,620,1252.0,1952.0
14,1994.0,673,1356.0,2020.0
15,1994.0,687,1426.0,2184.0
16,1994.0,763,1523.0,2559.0
17,1994.0,795,1628.0,2721.0
18,1994.0,872,1714.0,2956.0
19,1994.0,955,1807.0,2973.0
20,1994.0,1034,1913.0,2990.0
21,1994.0,1054,1996.0,2996.0
22,1994.0,1150,2108.0,3016.0
23,1994.0,1161,2184.0,3066.0
24,1994.0,1252,2291.0,3073.0
25,1994.0,1272,2409.0,3151.0
26,1994.0,1356,2498.0,3282.0
27,1994.0,1426,2573.0,3283.0
28,1994.0,1523,2694.0,3307.0
29,1994.0,1560,,
30,1994.0,1628,,
31,1994.0,1714,,
32,1994.0,1807,,
33,1994.0,1913,,
34,1994.0,1952,,
35,1994.0,1996,,
36,1994.0,2020,,
37,1994.0,2108,,
38,1994.0,2184,,
39,1994.0,2184,,
40,1994.0,2291,,
41,1994.0,2409,,
42,1994.0,2498,,
43,1994.0,2559,,
44,1994.0,2573,,
45,1994.0,2694,,
46,1994.0,2721,,
47,1994.0,2956,,
48,1994.0,2973,,
49,1994.0,2990,,
50,1994.0,2996,,
51,1994.0,3016,,
52,1994.0,3066,,
53,1994.0,3073,,
54,1994.0,3151,,
55,1994.0,3282,,
56,1994.0,3283,,
57,1994.0,3307,,
0,1995.0,0,0.0,270.0
1,1995.0,73,73.0,609.0
2,1995.0,127,127.0,618.0
3,1995.0,185,185.0,632.0
4,1995.0,254,254.0,636.0
5,1995.0,270,308.0,638.0
6,1995.0,308,372.0,661.0
7,1995.0,372,425.0,665.0
8,1995.0,425,488.0,670.0
9,1995.0,488,560.0,685.0
10,1995.0,560,610.0,744.0
11,1995.0,609,673.0,850.0
12,1995.0,610,727.0,979.0
13,1995.0,618,800.0,993.0
14,1995.0,632,846.0,1037.0
15,1995.0,636,920.0,1467.0
16,1995.0,638,975.0,1662.0
17,1995.0,661,1029.0,1708.0
18,1995.0,665,1090.0,1709.0
19,1995.0,670,1144.0,1719.0
20,1995.0,673,1206.0,1910.0
21,1995.0,685,1264.0,1946.0
22,1995.0,727,1329.0,1974.0
23,1995.0,744,1404.0,2012.0
24,1995.0,800,1449.0,2086.0
25,1995.0,846,1524.0,2161.0
26,1995.0,850,1590.0,2236.0
27,1995.0,920,1641.0,2321.0
28,1995.0,975,1705.0,
29,1995.0,979,,
30,1995.0,993,,
31,1995.0,1029,,
32,1995.0,1037,,
33,1995.0,1090,,
34,1995.0,1144,,
35,1995.0,1206,,
36,1995.0,1264,,
37,1995.0,1329,,
38,1995.0,1404,,
39,1995.0,1449,,
40,1995.0,1467,,
41,1995.0,1524,,
42,1995.0,1590,,
43,1995.0,1641,,
44,1995.0,1662,,
45,1995.0,1705,,
46,1995.0,1708,,
47,1995.0,1709,,
48,1995.0,1719,,
49,1995.0,1910,,
50,1995.0,1946,,
51,1995.0,1974,,
52,1995.0,2012,,
53,1995.0,2086,,
54,1995.0,2161,,
55,1995.0,2236,,
56,1995.0,2321,,
0,1996.0,0,0.0,883.0
1,1996.0,140,140.0,980.0
2,1996.0,266,266.0,1252.0
3,1996.0,367,367.0,1267.0
4,1996.0,517,517.0,1396.0
5,1996.0,623,623.0,1502.0
6,1996.0,743,743.0,1643.0
7,1996.0,868,868.0,1658.0
8,1996.0,883,979.0,1761.0
9,1996.0,979,1099.0,1968.0
10,1996.0,980,1220.0,2022.0
11,1996.0,1099,1361.0,2039.0
12,1996.0,1220,1465.0,2305.0
13,1996.0,1252,1589.0,2426.0
14,1996.0,1267,1739.0,2429.0
15,1996.0,1361,1850.0,2461.0
16,1996.0,1396,1958.0,2742.0
17,1996.0,1465,2192.0,2878.0
18,1996.0,1502,2213.0,3059.0
19,1996.0,1589,2314.0,3091.0
20,1996.0,1643,2455.0,3320.0
21,1996.0,1658,2564.0,3343.0
22,1996.0,1739,2688.0,3362.0
23,1996.0,1761,2805.0,3478.0
24,1996.0,1850,2935.0,3484.0
25,1996.0,1958,3053.0,3507.0
26,1996.0,1968,3165.0,3520.0
27,1996.0,2022,3288.0,3524.0
28,1996.0,2039,3414.0,
29,1996.0,2192,,
30,1996.0,2213,,
31,1996.0,2305,,
32,1996.0,2314,,
33,1996.0,2426,,
34,1996.0,2429,,
35,1996.0,2455,,
36,1996.0,2461,,
37,1996.0,2564,,
38,1996.0,2688,,
39,1996.0,2742,,
40,1996.0,2805,,
41,1996.0,2878,,
42,1996.0,2935,,
43,1996.0,3053,,
44,1996.0,3059,,
45,1996.0,3091,,
46,1996.0,3165,,
47,1996.0,3288,,
48,1996.0,3320,,
49,1996.0,3343,,
50,1996.0,3362,,
51,1996.0,3414,,
52,1996.0,3478,,
53,1996.0,3484,,
54,1996.0,3507,,
55,1996.0,3520,,
56,1996.0,3524,,
0,1997.0,0,0.0,134.0
1,1997.0,119,119.0,176.0
2,1997.0,134,215.0,372.0
3,1997.0,176,325.0,388.0
4,1997.0,215,406.0,431.0
5,1997.0,325,502.0,572.0
6,1997.0,372,586.0,979.0
7,1997.0,388,671.0,1070.0
8,1997.0,406,776.0,1294.0
9,1997.0,431,863.0,1302.0
10,1997.0,502,940.0,1310.0
11,1997.0,572,1038.0,1342.0
12,1997.0,586,1121.0,1455.0
13,1997.0,671,1210.0,1500.0
14,1997.0,776,1312.0,1522.0
15,1997.0,863,1393.0,1546.0
16,1997.0,940,1481.0,1615.0
17,1997.0,979,1569.0,1692.0
18,1997.0,1038,1664.0,1865.0
19,1997.0,1070,1767.0,2683.0
20,1997.0,1121,1860.0,2868.0
21,1997.0,1210,1953.0,2907.0
22,1997.0,1294,2037.0,2955.0
23,1997.0,1302,2126.0,2971.0
24,1997.0,1310,2235.0,3017.0
25,1997.0,1312,2312.0,3018.0
26,1997.0,1342,2414.0,3023.0
27,1997.0,1393,2497.0,3027.0
28,1997.0,1455,2612.0,
29,1997.0,1481,,
30,1997.0,1500,,
31,1997.0,1522,,
32,1997.0,1546,,
33,1997.0,1569,,
34,1997.0,1615,,
35,1997.0,1664,,
36,1997.0,1692,,
37,1997.0,1767,,
38,1997.0,1860,,
39,1997.0,1865,,
40,1997.0,1953,,
41,1997.0,2037,,
42,1997.0,2126,,
43,1997.0,2235,,
44,1997.0,2312,,
45,1997.0,2414,,
46,1997.0,2497,,
47,1997.0,2612,,
48,1997.0,2683,,
49,1997.0,2868,,
50,1997.0,2907,,
51,1997.0,2955,,
52,1997.0,2971,,
53,1997.0,3017,,
54,1997.0,3018,,
55,1997.0,3023,,
56,1997.0,3027,,
0,1998.0,0,0.0,126.0
1,1998.0,115,115.0,561.0
2,1998.0,126,233.0,1122.0
3,1998.0,233,332.0,1217.0
4,1998.0,332,446.0,1307.0
5,1998.0,446,540.0,1521.0
6,1998.0,540,653.0,1669.0
7,1998.0,561,763.0,1807.0
8,1998.0,653,859.0,1844.0
9,1998.0,763,973.0,1872.0
10,1998.0,859,1090.0,2158.0
11,1998.0,973,1195.0,2163.0
12,1998.0,1090,1289.0,2172.0
13,1998.0,1122,1401.0,2373.0
14,1998.0,1195,1510.0,2385.0
15,1998.0,1217,1609.0,2800.0
16,1998.0,1289,1743.0,2915.0
17,1998.0,1307,1832.0,3029.0
18,1998.0,1401,1964.0,3089.0
19,1998.0,1510,2057.0,3097.0
20,1998.0,1521,2158.0,3141.0
21,1998.0,1609,2260.0,3149.0
22,1998.0,1669,2369.0,3159.0
23,1998.0,1743,2467.0,3171.0
24,1998.0,1807,2573.0,3193.0
25,1998.0,1832,2690.0,3204.0
26,1998.0,1844,2796.0,3269.0
27,1998.0,1872,2897.0,3293.0
28,1998.0,1964,3015.0,3324.0
29,1998.0,2057,,
30,1998.0,2158,,
31,1998.0,2158,,
32,1998.0,2163,,
33,1998.0,2172,,
34,1998.0,2260,,
35,1998.0,2369,,
36,1998.0,2373,,
37,1998.0,2385,,
38,1998.0,2467,,
39,1998.0,2573,,
40,1998.0,2690,,
41,1998.0,2796,,
42,1998.0,2800,,
43,1998.0,2897,,
44,1998.0,2915,,
45,1998.0,3015,,
46,1998.0,3029,,
47,1998.0,3089,,
48,1998.0,3097,,
49,1998.0,3141,,
50,1998.0,3149,,
51,1998.0,3159,,
52,1998.0,3171,,
53,1998.0,3193,,
54,1998.0,3204,,
55,1998.0,3269,,
56,1998.0,3293,,
57,1998.0,3324,,
0,1999.0,0,0.0,138.0
1,1999.0,124,124.0,410.0
2,1999.0,138,214.0,942.0
3,1999.0,214,283.0,943.0
4,1999.0,283,404.0,948.0
5,1999.0,404,502.0,970.0
6,1999.0,410,600.0,971.0
7,1999.0,502,693.0,994.0
8,1999.0,600,790.0,1019.0
9,1999.0,693,934.0,1158.0
10,1999.0,790,972.0,1338.0
11,1999.0,934,1133.0,1613.0
12,1999.0,942,1202.0,1616.0
13,1999.0,943,1292.0,1621.0
14,1999.0,948,1387.0,1629.0
15,1999.0,970,1522.0,1660.0
16,1999.0,971,1608.0,2010.0
17,1999.0,972,1721.0,2223.0
18,1999.0,994,1794.0,2605.0
19,1999.0,1019,1896.0,2613.0
20,1999.0,1133,2010.0,2699.0
21,1999.0,1158,2069.0,2851.0
22,1999.0,1202,2168.0,2860.0
23,1999.0,1292,2270.0,2929.0
24,1999.0,1338,2374.0,2939.0
25,1999.0,1387,2481.0,3105.0
26,1999.0,1522,2586.0,3135.0
27,1999.0,1608,2713.0,3144.0
28,1999.0,1613,2826.0,3398.0
29,1999.0,1616,,
30,1999.0,1621,,
31,1999.0,1629,,
32,1999.0,1660,,
33,1999.0,1721,,
34,1999.0,1794,,
35,1999.0,1896,,
36,1999.0,2010,,
37,1999.0,2010,,
38,1999.0,2069,,
39,1999.0,2168,,
40,1999.0,2223,,
41,1999.0,2270,,
42,1999.0,2374,,
43,1999.0,2481,,
44,1999.0,2586,,
45,1999.0,2605,,
46,1999.0,2613,,
47,1999.0,2699,,
48,1999.0,2713,,
49,1999.0,2826,,
50,1999.0,2851,,
51,1999.0,2860,,
52,1999.0,2929,,
53,1999.0,2939,,
54,1999.0,3105,,
55,1999.0,3135,,
56,1999.0,3144,,
57,1999.0,3398,,
0,2000.0,0,0.0,319.0
1,2000.0,101,101.0,332.0
2,2000.0,204,204.0,369.0
3,2000.0,305,305.0,463.0
4,2000.0,319,401.0,568.0
5,2000.0,332,524.0,717.0
6,2000.0,369,633.0,1289.0
7,2000.0,401,864.0,1385.0
8,2000.0,463,871.0,1598.0
9,2000.0,524,931.0,1601.0
10,2000.0,568,1052.0,1675.0
11,2000.0,633,1149.0,1852.0
12,2000.0,717,1265.0,2036.0
13,2000.0,864,1371.0,2233.0
14,2000.0,871,1469.0,2364.0
15,2000.0,931,1564.0,2447.0
16,2000.0,1052,1659.0,2452.0
17,2000.0,1149,1744.0,2540.0
18,2000.0,1265,1837.0,2643.0
19,2000.0,1289,1935.0,2715.0
20,2000.0,1371,2032.0,2839.0
21,2000.0,1385,2131.0,2864.0
22,2000.0,1469,2225.0,2875.0
23,2000.0,1564,2321.0,2887.0
24,2000.0,1598,2444.0,2899.0
25,2000.0,1601,2516.0,3004.0
26,2000.0,1659,2633.0,3027.0
27,2000.0,1675,2771.0,3109.0
28,2000.0,1744,2815.0,
29,2000.0,1837,,
30,2000.0,1852,,
31,2000.0,1935,,
32,2000.0,2032,,
33,2000.0,2036,,
34,2000.0,2131,,
35,2000.0,2225,,
36,2000.0,2233,,
37,2000.0,2321,,
38,2000.0,2364,,
39,2000.0,2444,,
40,2000.0,2447,,
41,2000.0,2452,,
42,2000.0,2516,,
43,2000.0,2540,,
44,2000.0,2633,,
45,2000.0,2643,,
46,2000.0,2715,,
47,2000.0,2771,,
48,2000.0,2815,,
49,2000.0,2839,,
50,2000.0,2864,,
51,2000.0,2875,,
52,2000.0,2887,,
53,2000.0,2899,,
54,2000.0,3004,,
55,2000.0,3027,,
56,2000.0,3109,,
0,2001.0,0,0.0,130.0
1,2001.0,113,113.0,276.0
2,2001.0,130,218.0,397.0
3,2001.0,218,376.0,547.0
4,2001.0,276,492.0,1039.0
5,2001.0,376,535.0,1056.0
6,2001.0,397,636.0,1064.0
7,2001.0,492,776.0,1068.0
8,2001.0,535,865.0,1080.0
9,2001.0,547,974.0,1196.0
10,2001.0,636,1120.0,1346.0
11,2001.0,776,1225.0,1443.0
12,2001.0,865,1332.0,2236.0
13,2001.0,974,1434.0,2356.0
14,2001.0,1039,1553.0,2362.0
15,2001.0,1056,1663.0,2429.0
16,2001.0,1064,1772.0,2611.0
17,2001.0,1068,1889.0,2613.0
18,2001.0,1080,2000.0,2616.0
19,2001.0,1120,2106.0,2617.0
20,2001.0,1196,2228.0,2622.0
21,2001.0,1225,2347.0,2748.0
22,2001.0,1332,2463.0,3167.0
23,2001.0,1346,2588.0,3235.0
24,2001.0,1434,2703.0,3292.0
25,2001.0,1443,2798.0,3325.0
26,2001.0,1553,2882.0,3550.0
27,2001.0,1663,2995.0,3715.0
28,2001.0,1772,3138.0,
29,2001.0,1889,,
30,2001.0,2000,,
31,2001.0,2106,,
32,2001.0,2228,,
33,2001.0,2236,,
34,2001.0,2347,,
35,2001.0,2356,,
36,2001.0,2362,,
37,2001.0,2429,,
38,2001.0,2463,,
39,2001.0,2588,,
40,2001.0,2611,,
41,2001.0,2613,,
42,2001.0,2616,,
43,2001.0,2617,,
44,2001.0,2622,,
45,2001.0,2703,,
46,2001.0,2748,,
47,2001.0,2798,,
48,2001.0,2882,,
49,2001.0,2995,,
50,2001.0,3138,,
51,2001.0,3167,,
52,2001.0,3235,,
53,2001.0,3292,,
54,2001.0,3325,,
55,2001.0,3550,,
56,2001.0,3715,,
0,2002.0,0,0.0,324.0
1,2002.0,139,139.0,663.0
2,2002.0,253,253.0,690.0
3,2002.0,324,376.0,782.0
4,2002.0,376,494.0,805.0
5,2002.0,494,609.0,819.0
6,2002.0,609,758.0,826.0
7,2002.0,663,877.0,1102.0
8,2002.0,690,1013.0,1133.0
9,2002.0,758,1165.0,1217.0
10,2002.0,782,1372.0,1379.0
11,2002.0,805,1505.0,1709.0
12,2002.0,819,1616.0,1933.0
13,2002.0,826,1736.0,2042.0
14,2002.0,877,1975.0,2083.0
15,2002.0,1013,1994.0,2265.0
16,2002.0,1102,2111.0,2280.0
17,2002.0,1133,2247.0,2286.0
18,2002.0,1165,2412.0,2589.0
19,2002.0,1217,2499.0,2601.0
20,2002.0,1372,2775.0,2888.0
21,2002.0,1379,2849.0,2979.0
22,2002.0,1505,2944.0,3501.0
23,2002.0,1616,3108.0,3517.0
24,2002.0,1709,3196.0,3702.0
25,2002.0,1736,3337.0,3726.0
26,2002.0,1933,3456.0,3854.0
27,2002.0,1975,3569.0,4028.0
28,2002.0,1994,3693.0,4161.0
29,2002.0,2042,,
30,2002.0,2083,,
31,2002.0,2111,,
32,2002.0,2247,,
33,2002.0,2265,,
34,2002.0,2280,,
35,2002.0,2286,,
36,2002.0,2412,,
37,2002.0,2499,,
38,2002.0,2589,,
39,2002.0,2601,,
40,2002.0,2775,,
41,2002.0,2849,,
42,2002.0,2888,,
43,2002.0,2944,,
44,2002.0,2979,,
45,2002.0,3108,,
46,2002.0,3196,,
47,2002.0,3337,,
48,2002.0,3456,,
49,2002.0,3501,,
50,2002.0,3517,,
51,2002.0,3569,,
52,2002.0,3693,,
53,2002.0,3702,,
54,2002.0,3726,,
55,2002.0,3854,,
56,2002.0,4028,,
57,2002.0,4161,,
0,2003.0,0,0.0,149.0
1,2003.0,103,103.0,546.0
2,2003.0,149,202.0,558.0
3,2003.0,202,288.0,817.0
4,2003.0,288,409.0,837.0
5,2003.0,409,502.0,877.0
6,2003.0,502,596.0,915.0
7,2003.0,546,684.0,932.0
8,2003.0,558,790.0,951.0
9,2003.0,596,890.0,1749.0
10,2003.0,684,998.0,2021.0
11,2003.0,790,1097.0,2202.0
12,2003.0,817,1212.0,2339.0
13,2003.0,837,1303.0,2522.0
14,2003.0,877,1406.0,2552.0
15,2003.0,890,1501.0,2627.0
16,2003.0,915,1662.0,2649.0
17,2003.0,932,1687.0,2720.0
18,2003.0,951,1798.0,2733.0
19,2003.0,998,1883.0,2842.0
20,2003.0,1097,1985.0,2852.0
21,2003.0,1212,2064.0,2882.0
22,2003.0,1303,2171.0,2959.0
23,2003.0,1406,2263.0,2977.0
24,2003.0,1501,2381.0,3181.0
25,2003.0,1662,2476.0,3211.0
26,2003.0,1687,2587.0,3227.0
27,2003.0,1749,2687.0,
28,2003.0,1798,2821.0,
29,2003.0,1883,,
30,2003.0,1985,,
31,2003.0,2021,,
32,2003.0,2064,,
33,2003.0,2171,,
34,2003.0,2202,,
35,2003.0,2263,,
36,2003.0,2339,,
37,2003.0,2381,,
38,2003.0,2476,,
39,2003.0,2522,,
40,2003.0,2552,,
41,2003.0,2587,,
42,2003.0,2627,,
43,2003.0,2649,,
44,2003.0,2687,,
45,2003.0,2720,,
46,2003.0,2733,,
47,2003.0,2821,,
48,2003.0,2842,,
49,2003.0,2852,,
50,2003.0,2882,,
51,2003.0,2959,,
52,2003.0,2977,,
53,2003.0,3181,,
54,2003.0,3211,,
55,2003.0,3227,,
0,2004.0,0,0.0,335.0
1,2004.0,111,111.0,414.0
2,2004.0,193,193.0,423.0
3,2004.0,289,289.0,812.0
4,2004.0,335,384.0,1005.0
5,2004.0,384,487.0,1107.0
6,2004.0,414,591.0,1136.0
7,2004.0,423,692.0,1226.0
8,2004.0,487,793.0,1346.0
9,2004.0,591,907.0,1355.0
10,2004.0,692,1018.0,1426.0
11,2004.0,793,1136.0,1453.0
12,2004.0,812,1224.0,1459.0
13,2004.0,907,1323.0,1506.0
14,2004.0,1005,1402.0,1540.0
15,2004.0,1018,1503.0,1665.0
16,2004.0,1107,1609.0,1871.0
17,2004.0,1136,1713.0,2028.0
18,2004.0,1136,1806.0,2558.0
19,2004.0,1224,1986.0,2917.0
20,2004.0,1226,2100.0,2940.0
21,2004.0,1323,2218.0,2952.0
22,2004.0,1346,2338.0,2997.0
23,2004.0,1355,2412.0,3176.0
24,2004.0,1402,2503.0,3193.0
25,2004.0,1426,2598.0,3304.0
26,2004.0,1453,2726.0,3453.0
27,2004.0,1459,2796.0,3690.0
28,2004.0,1503,2890.0,3691.0
29,2004.0,1506,,
30,2004.0,1540,,
31,2004.0,1609,,
32,2004.0,1665,,
33,2004.0,1713,,
34,2004.0,1806,,
35,2004.0,1871,,
36,2004.0,1986,,
37,2004.0,2028,,
38,2004.0,2100,,
39,2004.0,2218,,
40,2004.0,2338,,
41,2004.0,2412,,
42,2004.0,2503,,
43,2004.0,2558,,
44,2004.0,2598,,
45,2004.0,2726,,
46,2004.0,2796,,
47,2004.0,2890,,
48,2004.0,2917,,
49,2004.0,2940,,
50,2004.0,2952,,
51,2004.0,2997,,
52,2004.0,3176,,
53,2004.0,3193,,
54,2004.0,3304,,
55,2004.0,3453,,
56,2004.0,3690,,
57,2004.0,3691,,
0,2005.0,0,0.0,361.0
1,2005.0,147,147.0,371.0
2,2005.0,253,253.0,440.0
3,2005.0,361,376.0,687.0
4,2005.0,371,475.0,1213.0
5,2005.0,376,555.0,1363.0
6,2005.0,440,650.0,1462.0
7,2005.0,475,737.0,1465.0
8,2005.0,555,835.0,1480.0
9,2005.0,650,929.0,1614.0
10,2005.0,687,1028.0,1695.0
11,2005.0,737,1161.0,1750.0
12,2005.0,835,1249.0,1817.0
13,2005.0,929,1363.0,1875.0
14,2005.0,1028,1437.0,2037.0
15,2005.0,1161,1564.0,2256.0
16,2005.0,1213,1730.0,2341.0
17,2005.0,1249,1742.0,2423.0
18,2005.0,1363,1838.0,2526.0
19,2005.0,1363,1961.0,2590.0
20,2005.0,1437,2031.0,2635.0
21,2005.0,1462,2162.0,2715.0
22,2005.0,1465,2228.0,2750.0
23,2005.0,1480,2308.0,2814.0
24,2005.0,1564,2372.0,2851.0
25,2005.0,1614,2480.0,2884.0
26,2005.0,1695,2582.0,2958.0
27,2005.0,1730,2685.0,2978.0
28,2005.0,1742,2766.0,3236.0
29,2005.0,1750,,
30,2005.0,1817,,
31,2005.0,1838,,
32,2005.0,1875,,
33,2005.0,1961,,
34,2005.0,2031,,
35,2005.0,2037,,
36,2005.0,2162,,
37,2005.0,2228,,
38,2005.0,2256,,
39,2005.0,2308,,
40,2005.0,2341,,
41,2005.0,2372,,
42,2005.0,2423,,
43,2005.0,2480,,
44,2005.0,2526,,
45,2005.0,2582,,
46,2005.0,2590,,
47,2005.0,2635,,
48,2005.0,2685,,
49,2005.0,2715,,
50,2005.0,2750,,
51,2005.0,2766,,
52,2005.0,2814,,
53,2005.0,2851,,
54,2005.0,2884,,
55,2005.0,2958,,
56,2005.0,2978,,
57,2005.0,3236,,
0,2006.0,0,0.0,159.0
1,2006.0,114,114.0,293.0
2,2006.0,159,218.0,405.0
3,2006.0,218,326.0,585.0
4,2006.0,293,451.0,904.0
5,2006.0,326,555.0,927.0
6,2006.0,405,670.0,993.0
7,2006.0,451,781.0,1307.0
8,2006.0,555,887.0,2065.0
9,2006.0,585,1026.0,2253.0
10,2006.0,670,1135.0,2367.0
11,2006.0,781,1291.0,2533.0
12,2006.0,887,1400.0,2753.0
13,2006.0,904,1518.0,2794.0
14,2006.0,927,1614.0,2862.0
15,2006.0,993,1711.0,2968.0
16,2006.0,1026,1809.0,3006.0
17,2006.0,1135,1897.0,3013.0
18,2006.0,1291,1998.0,3053.0
19,2006.0,1307,2100.0,3071.0
20,2006.0,1400,2193.0,3155.0
21,2006.0,1518,2290.0,3158.0
22,2006.0,1614,2402.0,3196.0
23,2006.0,1711,2486.0,3261.0
24,2006.0,1809,2592.0,3337.0
25,2006.0,1897,2688.0,3431.0
26,2006.0,1998,2784.0,3614.0
27,2006.0,2065,2863.0,3735.0
28,2006.0,2100,2950.0,
29,2006.0,2193,,
30,2006.0,2253,,
31,2006.0,2290,,
32,2006.0,2367,,
33,2006.0,2402,,
34,2006.0,2486,,
35,2006.0,2533,,
36,2006.0,2592,,
37,2006.0,2688,,
38,2006.0,2753,,
39,2006.0,2784,,
40,2006.0,2794,,
41,2006.0,2862,,
42,2006.0,2863,,
43,2006.0,2950,,
44,2006.0,2968,,
45,2006.0,3006,,
46,2006.0,3013,,
47,2006.0,3053,,
48,2006.0,3071,,
49,2006.0,3155,,
50,2006.0,3158,,
51,2006.0,3196,,
52,2006.0,3261,,
53,2006.0,3337,,
54,2006.0,3431,,
55,2006.0,3614,,
56,2006.0,3735,,
0,2007.0,0,0.0,340.0
1,2007.0,103,103.0,348.0
2,2007.0,191,191.0,773.0
3,2007.0,280,280.0,805.0
4,2007.0,340,371.0,960.0
5,2007.0,348,476.0,1233.0
6,2007.0,371,549.0,1297.0
7,2007.0,476,640.0,1324.0
8,2007.0,549,742.0,1326.0
9,2007.0,640,846.0,1511.0
10,2007.0,742,949.0,1544.0
11,2007.0,773,1025.0,1956.0
12,2007.0,805,1106.0,1971.0
13,2007.0,846,1221.0,1983.0
14,2007.0,949,1286.0,2045.0
15,2007.0,960,1387.0,2096.0
16,2007.0,1025,1487.0,2231.0
17,2007.0,1106,1593.0,2453.0
18,2007.0,1221,1707.0,2459.0
19,2007.0,1233,1747.0,2468.0
20,2007.0,1286,1832.0,2475.0
21,2007.0,1297,1928.0,2483.0
22,2007.0,1324,2018.0,2491.0
23,2007.0,1326,2113.0,2497.0
24,2007.0,1387,2209.0,2627.0
25,2007.0,1487,2291.0,2661.0
26,2007.0,1511,2403.0,2922.0
27,2007.0,1544,2461.0,2925.0
28,2007.0,1593,2585.0,3379.0
29,2007.0,1707,,
30,2007.0,1747,,
31,2007.0,1832,,
32,2007.0,1928,,
33,2007.0,1956,,
34,2007.0,1971,,
35,2007.0,1983,,
36,2007.0,2018,,
37,2007.0,2045,,
38,2007.0,2096,,
39,2007.0,2113,,
40,2007.0,2209,,
41,2007.0,2231,,
42,2007.0,2291,,
43,2007.0,2403,,
44,2007.0,2453,,
45,2007.0,2459,,
46,2007.0,2461,,
47,2007.0,2468,,
48,2007.0,2475,,
49,2007.0,2483,,
50,2007.0,2491,,
51,2007.0,2497,,
52,2007.0,2585,,
53,2007.0,2627,,
54,2007.0,2661,,
55,2007.0,2922,,
56,2007.0,2925,,
57,2007.0,3379,,
0,2008.0,0,0.0,125.0
1,2008.0,100,100.0,283.0
2,2008.0,125,215.0,610.0
3,2008.0,215,307.0,873.0
4,2008.0,283,402.0,995.0
5,2008.0,307,482.0,1132.0
6,2008.0,402,577.0,1388.0
7,2008.0,482,686.0,1621.0
8,2008.0,577,755.0,1622.0
9,2008.0,610,845.0,1952.0
10,2008.0,686,928.0,1956.0
11,2008.0,755,1021.0,1962.0
12,2008.0,845,1116.0,2080.0
13,2008.0,873,1205.0,2167.0
14,2008.0,928,1293.0,2232.0
15,2008.0,995,1370.0,2236.0
16,2008.0,1021,1458.0,2360.0
17,2008.0,1116,1560.0,2416.0
18,2008.0,1132,1615.0,2433.0
19,2008.0,1205,1692.0,2458.0
20,2008.0,1293,1769.0,2599.0
21,2008.0,1370,1857.0,2601.0
22,2008.0,1388,1963.0,2606.0
23,2008.0,1458,1983.0,2669.0
24,2008.0,1560,2054.0,2681.0
25,2008.0,1615,2147.0,2693.0
26,2008.0,1621,2221.0,2839.0
27,2008.0,1622,2328.0,3090.0
28,2008.0,1692,2408.0,
29,2008.0,1769,,
30,2008.0,1857,,
31,2008.0,1952,,
32,2008.0,1956,,
33,2008.0,1962,,
34,2008.0,1963,,
35,2008.0,1983,,
36,2008.0,2054,,
37,2008.0,2080,,
38,2008.0,2147,,
39,2008.0,2167,,
40,2008.0,2221,,
41,2008.0,2232,,
42,2008.0,2236,,
43,2008.0,2328,,
44,2008.0,2360,,
45,2008.0,2408,,
46,2008.0,2416,,
47,2008.0,2433,,
48,2008.0,2458,,
49,2008.0,2599,,
50,2008.0,2601,,
51,2008.0,2606,,
52,2008.0,2669,,
53,2008.0,2681,,
54,2008.0,2693,,
55,2008.0,2839,,
56,2008.0,3090,,
0,2009.0,0,0.0,413.0
1,2009.0,101,101.0,437.0
2,2009.0,206,206.0,472.0
3,2009.0,323,323.0,559.0
4,2009.0,399,399.0,1173.0
5,2009.0,413,522.0,1433.0
6,2009.0,437,611.0,1568.0
7,2009.0,472,715.0,1879.0
8,2009.0,522,797.0,2032.0
9,2009.0,559,901.0,2142.0
10,2009.0,611,1003.0,2378.0
11,2009.0,715,1096.0,2389.0
12,2009.0,797,1194.0,2477.0
13,2009.0,901,1294.0,2553.0
14,2009.0,1003,1393.0,2824.0
15,2009.0,1096,1497.0,2899.0
16,2009.0,1173,1592.0,2940.0
17,2009.0,1194,1686.0,2965.0
18,2009.0,1294,1775.0,2992.0
19,2009.0,1393,1860.0,3113.0
20,2009.0,1433,1960.0,3138.0
21,2009.0,1497,2068.0,3169.0
22,2009.0,1568,2172.0,3352.0
23,2009.0,1592,2278.0,3363.0
24,2009.0,1686,2374.0,3508.0
25,2009.0,1775,2456.0,3515.0
26,2009.0,1860,2551.0,3517.0
27,2009.0,1879,2654.0,
28,2009.0,1960,2780.0,
29,2009.0,2032,,
30,2009.0,2068,,
31,2009.0,2142,,
32,2009.0,2172,,
33,2009.0,2278,,
34,2009.0,2374,,
35,2009.0,2378,,
36,2009.0,2389,,
37,2009.0,2456,,
38,2009.0,2477,,
39,2009.0,2551,,
40,2009.0,2553,,
41,2009.0,2654,,
42,2009.0,2780,,
43,2009.0,2824,,
44,2009.0,2899,,
45,2009.0,2940,,
46,2009.0,2965,,
47,2009.0,2992,,
48,2009.0,3113,,
49,2009.0,3138,,
50,2009.0,3169,,
51,2009.0,3352,,
52,2009.0,3363,,
53,2009.0,3508,,
54,2009.0,3515,,
55,2009.0,3517,,
0,2010.0,0,0.0,147.0
1,2010.0,125,125.0,149.0
2,2010.0,147,217.0,242.0
3,2010.0,149,326.0,424.0
4,2010.0,217,389.0,487.0
5,2010.0,242,491.0,522.0
6,2010.0,326,623.0,729.0
7,2010.0,389,707.0,1350.0
8,2010.0,424,772.0,1442.0
9,2010.0,487,861.0,1446.0
10,2010.0,491,966.0,1515.0
11,2010.0,522,1053.0,1527.0
12,2010.0,623,1158.0,1532.0
13,2010.0,707,1221.0,1559.0
14,2010.0,729,1334.0,1590.0
15,2010.0,772,1422.0,1693.0
16,2010.0,861,1513.0,1756.0
17,2010.0,966,1632.0,1827.0
18,2010.0,1053,1708.0,2091.0
19,2010.0,1158,1798.0,2137.0
20,2010.0,1221,1894.0,2139.0
21,2010.0,1334,1994.0,2340.0
22,2010.0,1350,2062.0,2383.0
23,2010.0,1422,2134.0,2482.0
24,2010.0,1442,2214.0,2541.0
25,2010.0,1446,2310.0,2758.0
26,2010.0,1513,2398.0,2926.0
27,2010.0,1515,2525.0,2963.0
28,2010.0,1527,2601.0,
29,2010.0,1532,,
30,2010.0,1559,,
31,2010.0,1590,,
32,2010.0,1632,,
33,2010.0,1693,,
34,2010.0,1708,,
35,2010.0,1756,,
36,2010.0,1798,,
37,2010.0,1827,,
38,2010.0,1894,,
39,2010.0,1994,,
40,2010.0,2062,,
41,2010.0,2091,,
42,2010.0,2134,,
43,2010.0,2137,,
44,2010.0,2139,,
45,2010.0,2214,,
46,2010.0,2310,,
47,2010.0,2340,,
48,2010.0,2383,,
49,2010.0,2398,,
50,2010.0,2482,,
51,2010.0,2525,,
52,2010.0,2541,,
53,2010.0,2601,,
54,2010.0,2758,,
55,2010.0,2926,,
56,2010.0,2963,,
0,2011.0,0,0.0,154.0
1,2011.0,97,97.0,234.0
2,2011.0,154,192.0,532.0
3,2011.0,192,283.0,905.0
4,2011.0,234,395.0,954.0
5,2011.0,283,482.0,1080.0
6,2011.0,395,600.0,1131.0
7,2011.0,482,692.0,1256.0
8,2011.0,532,785.0,1284.0
9,2011.0,600,886.0,1310.0
10,2011.0,692,972.0,1370.0
11,2011.0,785,1055.0,1460.0
12,2011.0,886,1149.0,1571.0
13,2011.0,905,1245.0,1644.0
14,2011.0,954,1336.0,1702.0
15,2011.0,972,1420.0,1860.0
16,2011.0,1055,1510.0,1955.0
17,2011.0,1080,1628.0,1961.0
18,2011.0,1131,1684.0,1962.0
19,2011.0,1149,1792.0,2122.0
20,2011.0,1245,1933.0,2225.0
21,2011.0,1256,2054.0,2322.0
22,2011.0,1284,2172.0,2633.0
23,2011.0,1310,2264.0,2734.0
24,2011.0,1336,2380.0,3142.0
25,2011.0,1370,2453.0,3291.0
26,2011.0,1420,2551.0,3302.0
27,2011.0,1460,2666.0,3318.0
28,2011.0,1510,2773.0,3334.0
29,2011.0,1571,2860.0,3643.0
30,2011.0,1628,2979.0,3647.0
31,2011.0,1644,3032.0,3754.0
32,2011.0,1684,3132.0,3808.0
33,2011.0,1702,3244.0,3813.0
34,2011.0,1792,3320.0,3990.0
35,2011.0,1860,3417.0,4116.0
36,2011.0,1933,3619.0,4119.0
37,2011.0,1955,3621.0,4191.0
38,2011.0,1961,3712.0,
39,2011.0,1962,,
40,2011.0,2054,,
41,2011.0,2122,,
42,2011.0,2172,,
43,2011.0,2225,,
44,2011.0,2264,,
45,2011.0,2322,,
46,2011.0,2380,,
47,2011.0,2453,,
48,2011.0,2551,,
49,2011.0,2633,,
50,2011.0,2666,,
51,2011.0,2734,,
52,2011.0,2773,,
53,2011.0,2860,,
54,2011.0,2979,,
55,2011.0,3032,,
56,2011.0,3132,,
57,2011.0,3142,,
58,2011.0,3244,,
59,2011.0,3291,,
60,2011.0,3302,,
61,2011.0,3318,,
62,2011.0,3320,,
63,2011.0,3334,,
64,2011.0,3417,,
65,2011.0,3619,,
66,2011.0,3621,,
67,2011.0,3643,,
68,2011.0,3647,,
69,2011.0,3712,,
70,2011.0,3754,,
71,2011.0,3808,,
72,2011.0,3813,,
73,2011.0,3990,,
74,2011.0,4116,,
75,2011.0,4119,,
76,2011.0,4191,,
0,2012.0,0,0.0,75.0
1,2012.0,75,135.0,432.0
2,2012.0,135,224.0,512.0
3,2012.0,224,313.0,686.0
4,2012.0,313,396.0,772.0
5,2012.0,396,493.0,836.0
6,2012.0,432,632.0,868.0
7,2012.0,493,718.0,886.0
8,2012.0,512,825.0,1051.0
9,2012.0,632,917.0,1301.0
10,2012.0,686,1009.0,1315.0
11,2012.0,718,1089.0,1712.0
12,2012.0,772,1224.0,1736.0
13,2012.0,825,1287.0,1882.0
14,2012.0,836,1373.0,1913.0
15,2012.0,868,1456.0,1921.0
16,2012.0,886,1569.0,1992.0
17,2012.0,917,1655.0,2346.0
18,2012.0,1009,1798.0,2557.0
19,2012.0,1051,1861.0,2565.0
20,2012.0,1089,1954.0,2614.0
21,2012.0,1224,2050.0,2706.0
22,2012.0,1287,2134.0,2739.0
23,2012.0,1301,2227.0,2755.0
24,2012.0,1315,2330.0,2832.0
25,2012.0,1373,2418.0,2837.0
26,2012.0,1456,2490.0,3294.0
27,2012.0,1569,2600.0,
28,2012.0,1655,2720.0,
29,2012.0,1712,,
30,2012.0,1736,,
31,2012.0,1798,,
32,2012.0,1861,,
33,2012.0,1882,,
34,2012.0,1913,,
35,2012.0,1921,,
36,2012.0,1954,,
37,2012.0,1992,,
38,2012.0,2050,,
39,2012.0,2134,,
40,2012.0,2227,,
41,2012.0,2330,,
42,2012.0,2346,,
43,2012.0,2418,,
44,2012.0,2490,,
45,2012.0,2557,,
46,2012.0,2565,,
47,2012.0,2600,,
48,2012.0,2614,,
49,2012.0,2706,,
50,2012.0,2720,,
51,2012.0,2739,,
52,2012.0,2755,,
53,2012.0,2832,,
54,2012.0,2837,,
55,2012.0,3294,,
0,2013.0,0,0.0,362.0
1,2013.0,109,109.0,566.0
2,2013.0,213,213.0,954.0
3,2013.0,322,322.0,974.0
4,2013.0,362,416.0,1186.0
5,2013.0,416,516.0,1317.0
6,2013.0,516,633.0,1333.0
7,2013.0,566,731.0,1472.0
8,2013.0,633,818.0,1480.0
9,2013.0,731,914.0,1561.0
10,2013.0,818,1006.0,1752.0
11,2013.0,914,1119.0,1757.0
12,2013.0,954,1213.0,1846.0
13,2013.0,974,1312.0,2267.0
14,2013.0,1006,1431.0,2275.0
15,2013.0,1119,1558.0,2312.0
16,2013.0,1186,1640.0,2404.0
17,2013.0,1213,1735.0,2458.0
18,2013.0,1312,1819.0,2561.0
19,2013.0,1317,1911.0,2669.0
20,2013.0,1333,2004.0,2721.0
21,2013.0,1431,2106.0,2793.0
22,2013.0,1472,2185.0,2817.0
23,2013.0,1480,2260.0,2819.0
24,2013.0,1558,2351.0,2872.0
25,2013.0,1561,2444.0,2961.0
26,2013.0,1640,2548.0,2986.0
27,2013.0,1735,2633.0,3148.0
28,2013.0,1752,2774.0,3304.0
29,2013.0,1757,,
30,2013.0,1819,,
31,2013.0,1846,,
32,2013.0,1911,,
33,2013.0,2004,,
34,2013.0,2106,,
35,2013.0,2185,,
36,2013.0,2260,,
37,2013.0,2267,,
38,2013.0,2275,,
39,2013.0,2312,,
40,2013.0,2351,,
41,2013.0,2404,,
42,2013.0,2444,,
43,2013.0,2458,,
44,2013.0,2548,,
45,2013.0,2561,,
46,2013.0,2633,,
47,2013.0,2669,,
48,2013.0,2721,,
49,2013.0,2774,,
50,2013.0,2793,,
51,2013.0,2817,,
52,2013.0,2819,,
53,2013.0,2872,,
54,2013.0,2961,,
55,2013.0,2986,,
56,2013.0,3148,,
57,2013.0,3304,,
0,2014.0,0,0.0,227.0
1,2014.0,99,99.0,344.0
2,2014.0,191,191.0,789.0
3,2014.0,227,287.0,1092.0
4,2014.0,287,387.0,1111.0
5,2014.0,344,471.0,1198.0
6,2014.0,387,555.0,1308.0
7,2014.0,471,645.0,1334.0
8,2014.0,555,737.0,1344.0
9,2014.0,645,864.0,1420.0
10,2014.0,737,978.0,1444.0
11,2014.0,789,1064.0,1447.0
12,2014.0,864,1195.0,1835.0
13,2014.0,978,1284.0,1854.0
14,2014.0,1064,1397.0,2198.0
15,2014.0,1092,1478.0,2291.0
16,2014.0,1111,1570.0,2330.0
17,2014.0,1195,1670.0,2554.0
18,2014.0,1198,1767.0,2583.0
19,2014.0,1284,1892.0,2612.0
20,2014.0,1308,1985.0,2799.0
21,2014.0,1334,2068.0,2851.0
22,2014.0,1344,2181.0,2896.0
23,2014.0,1397,2266.0,2910.0
24,2014.0,1420,2353.0,2911.0
25,2014.0,1444,2445.0,2952.0
26,2014.0,1447,2534.0,3170.0
27,2014.0,1478,2638.0,3306.0
28,2014.0,1570,2730.0,
29,2014.0,1670,,
30,2014.0,1767,,
31,2014.0,1835,,
32,2014.0,1854,,
33,2014.0,1892,,
34,2014.0,1985,,
35,2014.0,2068,,
36,2014.0,2181,,
37,2014.0,2198,,
38,2014.0,2266,,
39,2014.0,2291,,
40,2014.0,2330,,
41,2014.0,2353,,
42,2014.0,2445,,
43,2014.0,2534,,
44,2014.0,2554,,
45,2014.0,2583,,
46,2014.0,2612,,
47,2014.0,2638,,
48,2014.0,2730,,
49,2014.0,2799,,
50,2014.0,2851,,
51,2014.0,2896,,
52,2014.0,2910,,
53,2014.0,2911,,
54,2014.0,2952,,
55,2014.0,3170,,
56,2014.0,3306,,
0,2015.0,0,0.0,241.0
1,2015.0,129,129.0,253.0
2,2015.0,241,272.0,413.0
3,2015.0,253,377.0,468.0
4,2015.0,272,468.0,528.0
5,2015.0,377,616.0,663.0
6,2015.0,413,702.0,738.0
7,2015.0,468,808.0,842.0
8,2015.0,468,913.0,1257.0
9,2015.0,528,1013.0,1463.0
10,2015.0,616,1111.0,1468.0
11,2015.0,663,1208.0,1523.0
12,2015.0,702,1316.0,1823.0
13,2015.0,738,1448.0,1843.0
14,2015.0,808,1568.0,1949.0
15,2015.0,842,1672.0,1952.0
16,2015.0,913,1814.0,2153.0
17,2015.0,1013,1917.0,2606.0
18,2015.0,1111,1999.0,2888.0
19,2015.0,1208,2135.0,2964.0
20,2015.0,1257,2202.0,2971.0
21,2015.0,1316,2303.0,3053.0
22,2015.0,1448,2409.0,3113.0
23,2015.0,1463,2493.0,3164.0
24,2015.0,1468,2602.0,3186.0
25,2015.0,1523,2706.0,3303.0
26,2015.0,1568,2817.0,3425.0
27,2015.0,1672,2924.0,3565.0
28,2015.0,1814,3024.0,
29,2015.0,1823,,
30,2015.0,1843,,
31,2015.0,1917,,
32,2015.0,1949,,
33,2015.0,1952,,
34,2015.0,1999,,
35,2015.0,2135,,
36,2015.0,2153,,
37,2015.0,2202,,
38,2015.0,2303,,
39,2015.0,2409,,
40,2015.0,2493,,
41,2015.0,2602,,
42,2015.0,2606,,
43,2015.0,2706,,
44,2015.0,2817,,
45,2015.0,2888,,
46,2015.0,2924,,
47,2015.0,2964,,
48,2015.0,2971,,
49,2015.0,3024,,
50,2015.0,3053,,
51,2015.0,3113,,
52,2015.0,3164,,
53,2015.0,3186,,
54,2015.0,3303,,
55,2015.0,3425,,
56,2015.0,3565,,
0,2016.0,0,0.0,90.0
1,2016.0,90,177.0,313.0
2,2016.0,177,255.0,424.0
3,2016.0,255,356.0,1035.0
4,2016.0,313,474.0,1135.0
5,2016.0,356,577.0,1348.0
6,2016.0,424,680.0,1513.0
7,2016.0,474,780.0,1520.0
8,2016.0,577,887.0,1699.0
9,2016.0,680,978.0,1750.0
10,2016.0,780,1098.0,1845.0
11,2016.0,887,1246.0,2078.0
12,2016.0,978,1349.0,2176.0
13,2016.0,1035,1490.0,2187.0
14,2016.0,1098,1575.0,2280.0
15,2016.0,1135,1682.0,2316.0
16,2016.0,1246,1813.0,2397.0
17,2016.0,1348,1927.0,2478.0
18,2016.0,1349,2044.0,2658.0
19,2016.0,1490,2143.0,2745.0
20,2016.0,1513,2252.0,2911.0
21,2016.0,1520,2359.0,3086.0
22,2016.0,1575,2464.0,3096.0
23,2016.0,1682,2575.0,3388.0
24,2016.0,1699,2689.0,3461.0
25,2016.0,1750,2818.0,3520.0
26,2016.0,1813,2968.0,3584.0
27,2016.0,1845,3086.0,3588.0
28,2016.0,1927,3234.0,3702.0
29,2016.0,2044,,
30,2016.0,2078,,
31,2016.0,2143,,
32,2016.0,2176,,
33,2016.0,2187,,
34,2016.0,2252,,
35,2016.0,2280,,
36,2016.0,2316,,
37,2016.0,2359,,
38,2016.0,2397,,
39,2016.0,2464,,
40,2016.0,2478,,
41,2016.0,2575,,
42,2016.0,2658,,
43,2016.0,2689,,
44,2016.0,2745,,
45,2016.0,2818,,
46,2016.0,2911,,
47,2016.0,2968,,
48,2016.0,3086,,
49,2016.0,3086,,
50,2016.0,3096,,
51,2016.0,3234,,
52,2016.0,3388,,
53,2016.0,3461,,
54,2016.0,3520,,
55,2016.0,3584,,
56,2016.0,3588,,
57,2016.0,3702,,
0,2017.0,0,0.0,505.0
1,2017.0,119,119.0,585.0
2,2017.0,210,210.0,597.0
3,2017.0,306,306.0,616.0
4,2017.0,454,454.0,650.0
5,2017.0,505,562.0,939.0
6,2017.0,562,687.0,1206.0
7,2017.0,585,837.0,1319.0
8,2017.0,597,992.0,1352.0
9,2017.0,616,1081.0,2395.0
10,2017.0,650,1223.0,2406.0
11,2017.0,687,1301.0,2699.0
12,2017.0,837,1423.0,2837.0
13,2017.0,939,1535.0,2840.0
14,2017.0,992,1671.0,2972.0
15,2017.0,1081,1806.0,3101.0
16,2017.0,1206,1904.0,3257.0
17,2017.0,1223,2000.0,3262.0
18,2017.0,1301,2109.0,3278.0
19,2017.0,1319,2259.0,3282.0
20,2017.0,1352,2354.0,3496.0
21,2017.0,1423,2474.0,3500.0
22,2017.0,1535,2580.0,3531.0
23,2017.0,1671,2682.0,3613.0
24,2017.0,1806,2831.0,3708.0
25,2017.0,1904,2954.0,3726.0
26,2017.0,2000,3081.0,
27,2017.0,2109,3226.0,
28,2017.0,2259,3422.0,
29,2017.0,2354,,
30,2017.0,2395,,
31,2017.0,2406,,
32,2017.0,2474,,
33,2017.0,2580,,
34,2017.0,2682,,
35,2017.0,2699,,
36,2017.0,2831,,
37,2017.0,2837,,
38,2017.0,2840,,
39,2017.0,2954,,
40,2017.0,2972,,
41,2017.0,3081,,
42,2017.0,3101,,
43,2017.0,3226,,
44,2017.0,3257,,
45,2017.0,3262,,
46,2017.0,3278,,
47,2017.0,3282,,
48,2017.0,3422,,
49,2017.0,3496,,
50,2017.0,3500,,
51,2017.0,3531,,
52,2017.0,3613,,
53,2017.0,3708,,
54,2017.0,3726,,
0,2018.0,0,0.0,247.0
1,2018.0,114,114.0,254.0
2,2018.0,194,194.0,986.0
3,2018.0,247,324.0,1015.0
4,2018.0,254,455.0,1322.0
5,2018.0,324,547.0,1480.0
6,2018.0,455,664.0,1569.0
7,2018.0,547,780.0,1588.0
8,2018.0,664,914.0,1652.0
9,2018.0,780,984.0,1744.0
10,2018.0,914,1076.0,1768.0
11,2018.0,984,1173.0,1827.0
12,2018.0,986,1262.0,1860.0
13,2018.0,1015,1353.0,1947.0
14,2018.0,1076,1445.0,2017.0
15,2018.0,1173,1532.0,2201.0
16,2018.0,1262,1620.0,2286.0
17,2018.0,1322,1797.0,2563.0
18,2018.0,1353,1919.0,2694.0
19,2018.0,1445,1995.0,2740.0
20,2018.0,1480,2075.0,2748.0
21,2018.0,1532,2169.0,2936.0
22,2018.0,1569,2258.0,2977.0
23,2018.0,1588,2342.0,3074.0
24,2018.0,1620,2438.0,3092.0
25,2018.0,1652,2528.0,3457.0
26,2018.0,1744,2638.0,3632.0
27,2018.0,1768,2794.0,3927.0
28,2018.0,1797,2883.0,
29,2018.0,1827,,
30,2018.0,1860,,
31,2018.0,1919,,
32,2018.0,1947,,
33,2018.0,1995,,
34,2018.0,2017,,
35,2018.0,2075,,
36,2018.0,2169,,
37,2018.0,2201,,
38,2018.0,2258,,
39,2018.0,2286,,
40,2018.0,2342,,
41,2018.0,2438,,
42,2018.0,2528,,
43,2018.0,2563,,
44,2018.0,2638,,
45,2018.0,2694,,
46,2018.0,2740,,
47,2018.0,2748,,
48,2018.0,2794,,
49,2018.0,2883,,
50,2018.0,2936,,
51,2018.0,2977,,
52,2018.0,3074,,
53,2018.0,3092,,
54,2018.0,3457,,
55,2018.0,3632,,
56,2018.0,3927,,
0,2018.5,0,0.0,188.0
1,2018.5,111,111.0,349.0
2,2018.5,188,230.0,408.0
3,2018.5,230,332.0,535.0
4,2018.5,332,406.0,540.0
5,2018.5,349,489.0,618.0
6,2018.5,406,568.0,876.0
7,2018.5,408,651.0,943.0
8,2018.5,489,728.0,1160.0
9,2018.5,535,790.0,1282.0
10,2018.5,540,884.0,1286.0
11,2018.5,568,975.0,1303.0
12,2018.5,618,1049.0,1645.0
13,2018.5,651,1188.0,1646.0
14,2018.5,728,1267.0,1746.0
15,2018.5,790,1355.0,1958.0
16,2018.5,876,1434.0,2038.0
17,2018.5,884,1500.0,2060.0
18,2018.5,943,1642.0,2246.0
19,2018.5,975,1690.0,2310.0
20,2018.5,1049,1782.0,2405.0
21,2018.5,1160,1851.0,2530.0
22,2018.5,1188,1921.0,2653.0
23,2018.5,1267,2012.0,2764.0
24,2018.5,1282,2089.0,2834.0
25,2018.5,1286,2156.0,2838.0
26,2018.5,1303,2231.0,2845.0
27,2018.5,1355,2307.0,3075.0
28,2018.5,1434,2389.0,3080.0
29,2018.5,1500,2494.0,3314.0
30,2018.5,1642,2569.0,3319.0
31,2018.5,1645,2639.0,3334.0
32,2018.5,1646,2720.0,3348.0
33,2018.5,1690,2809.0,3404.0
34,2018.5,1746,2888.0,3414.0
35,2018.5,1782,2960.0,3455.0
36,2018.5,1851,3033.0,3462.0
37,2018.5,1921,3121.0,3466.0
38,2018.5,1958,3197.0,3559.0
39,2018.5,2012,3305.0,3685.0
40,2018.5,2038,3384.0,3827.0
41,2018.5,2060,3536.0,4354.0
42,2018.5,2089,3633.0,4463.0
43,2018.5,2156,3795.0,4512.0
44,2018.5,2231,3883.0,4520.0
45,2018.5,2246,3976.0,4526.0
46,2018.5,2307,4090.0,4566.0
47,2018.5,2310,4195.0,4638.0
48,2018.5,2389,4321.0,
49,2018.5,2405,,
50,2018.5,2494,,
51,2018.5,2530,,
52,2018.5,2569,,
53,2018.5,2639,,
54,2018.5,2653,,
55,2018.5,2720,,
56,2018.5,2764,,
57,2018.5,2809,,
58,2018.5,2834,,
59,2018.5,2838,,
60,2018.5,2845,,
61,2018.5,2888,,
62,2018.5,2960,,
63,2018.5,3033,,
64,2018.5,3075,,
65,2018.5,3080,,
66,2018.5,3121,,
67,2018.5,3197,,
68,2018.5,3305,,
69,2018.5,3314,,
70,2018.5,3319,,
71,2018.5,3334,,
72,2018.5,3348,,
73,2018.5,3384,,
74,2018.5,3404,,
75,2018.5,3414,,
76,2018.5,3455,,
77,2018.5,3462,,
78,2018.5,3466,,
79,2018.5,3536,,
80,2018.5,3559,,
81,2018.5,3633,,
82,2018.5,3685,,
83,2018.5,3795,,
84,2018.5,3827,,
85,2018.5,3883,,
86,2018.5,3976,,
87,2018.5,4090,,
88,2018.5,4195,,
89,2018.5,4321,,
90,2018.5,4354,,
91,2018.5,4463,,
92,2018.5,4512,,
93,2018.5,4520,,
94,2018.5,4526,,
95,2018.5,4566,,
96,2018.5,4638,,
0,2019.0,0,0.0,80.0
1,2019.0,80,122.0,421.0
2,2019.0,122,227.0,587.0
3,2019.0,227,349.0,710.0
4,2019.0,349,475.0,908.0
5,2019.0,421,558.0,991.0
6,2019.0,475,668.0,999.0
7,2019.0,558,750.0,1305.0
8,2019.0,587,863.0,1364.0
9,2019.0,668,988.0,1426.0
10,2019.0,710,1054.0,1584.0
11,2019.0,750,1147.0,1586.0
12,2019.0,863,1235.0,1998.0
13,2019.0,908,1362.0,2091.0
14,2019.0,988,1458.0,2170.0
15,2019.0,991,1581.0,2297.0
16,2019.0,999,1645.0,2323.0
17,2019.0,1054,1738.0,2469.0
18,2019.0,1147,1826.0,2578.0
19,2019.0,1235,1928.0,2596.0
20,2019.0,1305,2037.0,2641.0
21,2019.0,1362,2139.0,2663.0
22,2019.0,1364,2217.0,2945.0
23,2019.0,1426,2365.0,3065.0
24,2019.0,1458,2456.0,3115.0
25,2019.0,1581,2567.0,3119.0
26,2019.0,1584,2655.0,3341.0
27,2019.0,1586,2763.0,3351.0
28,2019.0,1645,2902.0,3443.0
29,2019.0,1738,,
30,2019.0,1826,,
31,2019.0,1928,,
32,2019.0,1998,,
33,2019.0,2037,,
34,2019.0,2091,,
35,2019.0,2139,,
36,2019.0,2170,,
37,2019.0,2217,,
38,2019.0,2297,,
39,2019.0,2323,,
40,2019.0,2365,,
41,2019.0,2456,,
42,2019.0,2469,,
43,2019.0,2567,,
44,2019.0,2578,,
45,2019.0,2596,,
46,2019.0,2641,,
47,2019.0,2655,,
48,2019.0,2663,,
49,2019.0,2763,,
50,2019.0,2902,,
51,2019.0,2945,,
52,2019.0,3065,,
53,2019.0,3115,,
54,2019.0,3119,,
55,2019.0,3341,,
56,2019.0,3351,,
57,2019.0,3443,,
